Subject,Start Date,Start Time,End Date,End Time,All Day Event,Description,Location
F1 - Grand Prix Austrálie,3/16/2025,,,,,Grand Prix Austrálie - doprovodné seriály F2, F3,
F1 - Grand Prix Číny (Sprint),3/23/2025,,,,,Grand Prix Číny,
F1 - Grand Prix Japonska,4/6/2025,,,,,Grand Prix Japonska,
F1 - Grand Prix Bahrajnu,4/13/2025,,,,,Grand Prix Bahrajnu - doprovodné seriály F2, F3,
F1 - Grand Prix Saúdské Arábie,4/20/2025,,,,,Grand Prix Saúdské Arábie - doprovodný seriál F2,
F1 - Grand Prix Miami (Sprint),5/4/2025,,,,,Grand Prix Miami,
F1 - Grand Prix Emilia Romagna,5/18/2025,,,,,Grand Prix Emilia Romagna - doprovodné seriály F2, F3,
F1 - Grand Prix Monaka,5/25/2025,,,,,Grand Prix Monaka - doprovodné seriály F2, F3,
F1 - Grand Prix Španělska,6/1/2025,,,,,Grand Prix Španělska - doprovodné seriály F2, F3,
F1 - Grand Prix Kanady,6/15/2025,,,,,Grand Prix Kanady,
F1 - Grand Prix Rakouska,6/29/2025,,,,,Grand Prix Rakouska - doprovodné seriály F2, F3,
F1 - Grand Prix Velké Británie,7/6/2025,,,,,Grand Prix Velké Británie - doprovodné seriály F2, F3,
F1 - Grand Prix Belgie (Sprint),7/27/2025,,,,,Grand Prix Belgie - doprovodné seriály F2, F3,
F1 - Grand Prix Maďarska,8/3/2025,,,,,Grand Prix Maďarska - doprovodné seriály F2, F3,
F1 - Grand Prix Nizozemska,8/31/2025,,,,,Grand Prix Nizozemska,
F1 - Grand Prix Itálie,9/7/2025,,,,,Grand Prix Itálie - doprovodné seriály F2, F3,
F1 - Grand Prix Ázerbájdžánu,9/21/2025,,,,,Grand Prix Ázerbájdžánu - doprovodný seriál F2,
F1 - Grand Prix Singapuru,10/5/2025,,,,,Grand Prix Singapuru,
F1 - Grand Prix USA (Austin) (Sprint),10/19/2025,,,,,Grand Prix USA (Austin),
F1 - Grand Prix Mexika,10/26/2025,,,,,Grand Prix Mexika,
F1 - Grand Prix São Paula (Sprint),11/9/2025,,,,,Grand Prix São Paula,
F1 - Grand Prix Las Vegas,11/22/2025,,,,,Grand Prix Las Vegas,
F1 - Grand Prix Kataru (Sprint),11/30/2025,,,,,Grand Prix Kataru - doprovodný seriál F2,
F1 - Grand Prix Abú Dhabí (Sprint),12/7/2025,,,,,Grand Prix Abú Dhabí - doprovodný seriál F2,